column;description
country_rank;Position of the domain in a rank of most popular domains in the United States, created by SimilarWeb. The exact formula for the metric used in this ranking is unknown. The country_rank for the domain is unique in the whole dataset.
domain;Internet domain being described by the data in the row.
sector;Broad category defined by SimilarWeb to describe the type of activity, business or industry of the domain.
industry;Fine category defined by SimilarWeb to describe the type of activity, business or industry of the domain.
position;Position of the domain in an overall rank of descending monthly_visits. This information is only available for the 10,000 most visited domains on the Web.
position_industry;Position of the domain in a (sector,industry)-specific rank of descending monthly_visits. Most visited domains in that segment appears on top.
monthly_visits;Average number of visits per month that the domain received, calculated for the months: August, September, and October 2023. One visit is defined as a contiguous sequence of requests made by a user to the specified domain, with less than 30 minute gap between the requests. If a user makes a request to a different domain and then makes a new request to the previous domain, this last request is considered a new visit to that domain. Visits to subdomains are considered as a visit to the parent domain as well. Only averages of 5,000 or more are shown (values below 5,000 are missing).
unique_visitors;Monthly average number of unique devices visiting the domain, computed over the months of August, September and October 2023. Visitors using different devices to access a domain within a month are counted multiple times, once for each device used. Only averages of 5,000 or more are shown (values below 5,000 are missing).
visit_duration;Average duration of a single visit for that domain, in seconds. 
pages_visit;Average number of requested pages in a single visit.
bounce_rate;Fraction of visits that only accessed one page (no more requests were made in a single visit).
desktop_frac;Fraction of visits that were performed using a computer (desktop/laptop). I do not know whether tablets or other devices are accounted for in this case.
mobile_frac;Fraction of visits that were performed using a mobile device (cellphone). I do not know whether tablets or other devices are accounted for in this case.
traffic_share;Average monthly visits of the domain divided by the aggregated average monthly visits of the 10,000 most visited domains in the whole Web.
traffic_share_industry;Average monthly visits of the domain divided by the aggregated average monthly visits of the up to 10,000 domains listed in SimilarWeb's data under the domain's (sector,industry).
